Normalisation,Final Train Acc (%),Final Test Acc (%),Final Train Loss,Final Test Loss,Converged
batchNorm,81.74944444444445,84.74333333333333,0.5837565890483374,0.4987542558419846,True
layerNorm,83.77277777777778,83.84333333333333,0.5271809028952171,0.5171281860847126,True
tanh,74.045,74.42,0.8147049566539063,0.7980804478199707,True
clip,70.41111111111111,70.45666666666666,0.9556437199692019,0.9494655719409928,True
No Norm,9.871666666666666,9.8,,,False
